TOPIC #,TOPIC NAME,F1,F2,F3,F4,F5,F6,F7,F8,F9,F10
8,,knee,osteoarthritis,pain,strain,controlled,patients,trial,randomized,knee osteoarthritis,patellofemoral
14,,cervical,spine,lateral,disc,intervertebral,cortical,lumbar,length,cervical spine,intervertebral disc
18,,tibial,motion,high,kinematic,medial,speed,range,study,osteotomy,correlation
20,,activity,physical,motor,variability,association,neurons,metabolic,muscle activity,activities,vitro
2,,spinal,biomechanical,cord,injury,spinal cord,cord injury,spinal cord injury,properties,induced,biomechanical
19,,cell,vitro,stimulation,active,anatomy,current,single,stem,small,structures
24,,step,strategies,clinical,syndrome,stair,impingement,bony,descent,values,lift
6,,joint,running,vivo,effects,patterns,muscle,collagen,kinematics,dimensional,influence
11,,mechanical,properties,human,function,mechanical properties,dynamics,relationship,muscles,mechanics,pressure
16,,biomechanics,loading,study,stiffness,comparative,early,surface,stress,effect,biomechanical
23,,approach,lumbar,validation,lumbar spine,micro,models,spine,tibia,prevention,integration
17,,development,based,response,robot,locomotion,prosthetic,balance,hybrid,gait,interface
15,,impact,cartilage,differences,articular,body,female,test,jump,articular cartilage,players
10,,control,locomotion,head,brain,energy,human,walking,adults,cadaveric,behavior
9,,characteristics,long,morphology,force,term,evolution,implications,forces,young,shape
7,,bone,tendon,model,healing,femoral,skeletal,rabbit,repair,achilles,strength
12,,locomotor,time,model,lower,computational,data,growth,extremity,based,lower extremity
1,,analysis,finite,element,finite element,biomechanical,model,based,implant,element analysis,finite element analysis
25,,kinematics,kinetics,limbs,production,loop,relative,space,direction,shaped,closure
4,,ligament,anterior,reconstruction,cruciate,cruciate ligament,knee,anterior cruciate,anterior cruciate ligament,ligament reconstruction,risk
13,,review,corneal,biomechanical,systematic,systematic review,repair,rotator,cuff,rotator cuff,analysis
5,,biomechanical,fixation,fractures,evaluation,fracture,comparison,screw,study,plate,biomechanical comparison
3,,gait,walking,muscle,training,ankle,limb,different,lower,effect,assessment
22,,movement,scaffolds,predict,baseball,testing,potential,efficiency,stand,regional,arteries
21,,performance   ,dependent     ,level         ,elastic       ,biological    ,shear         ,elastography  ,analyses      ,wave          ,viscoelastic  